{
  "header": {
    "magic": "0x314c504d",
    "version": 1,
    "w1_shape": [
      784,
      256
    ],
    "b1_shape": [
      256
    ],
    "w2_shape": [
      256,
      10
    ],
    "b2_shape": [
      10
    ]
  },
  "stats": {
    "w1_min": -0.16700957715511322,
    "w1_max": 0.16008777916431427,
    "w2_min": -0.3633559048175812,
    "w2_max": 0.3992854654788971,
    "b1_min": -0.00804004818201065,
    "b1_max": 0.006992686074227095,
    "b2_min": -0.007692345883697271,
    "b2_max": 0.010345417074859142,
    "total_params": 203530
  }
}